Category Name,Timestamp (s)
person,2025-01-07 10:34:39
person,2025-01-07 10:34:39
person,2025-01-07 10:34:39
person,2025-01-07 10:34:40
person,2025-01-07 10:34:40
person,2025-01-07 10:34:40
person,2025-01-07 10:34:40
person,2025-01-07 10:34:40
person,2025-01-07 10:34:40
person,2025-01-07 10:34:40
person,2025-01-07 10:34:40
person,2025-01-07 10:34:40
person,2025-01-07 10:34:40
person,2025-01-07 10:34:40
person,2025-01-07 10:34:40
person,2025-01-07 10:34:40
person,2025-01-07 10:34:40
person,2025-01-07 10:34:40
person,2025-01-07 10:34:40
person,2025-01-07 10:34:40
person,2025-01-07 10:34:40
person,2025-01-07 10:34:40
person,2025-01-07 10:34:40
person,2025-01-07 10:34:40
person,2025-01-07 10:34:40
person,2025-01-07 10:34:40
person,2025-01-07 10:34:40
person,2025-01-07 10:34:40
person,2025-01-07 10:34:40
person,2025-01-07 10:34:40
person,2025-01-07 10:34:40
person,2025-01-07 10:34:40
person,2025-01-07 10:34:40
person,2025-01-07 10:34:40
person,2025-01-07 10:34:40
person,2025-01-07 10:34:40
person,2025-01-07 10:34:40
person,2025-01-07 10:34:40
person,2025-01-07 10:34:40
person,2025-01-07 10:34:40
person,2025-01-07 10:34:40
person,2025-01-07 10:34:40
person,2025-01-07 10:34:40
person,2025-01-07 10:34:40
person,2025-01-07 10:34:40
person,2025-01-07 10:34:40
person,2025-01-07 10:34:40
person,2025-01-07 10:34:40
person,2025-01-07 10:34:41
person,2025-01-07 10:34:41
person,2025-01-07 10:34:41
person,2025-01-07 10:34:41
person,2025-01-07 10:34:41
person,2025-01-07 10:34:41
person,2025-01-07 10:34:41
person,2025-01-07 10:34:41
person,2025-01-07 10:34:41
person,2025-01-07 10:34:41
person,2025-01-07 10:34:41
person,2025-01-07 10:34:41
person,2025-01-07 10:34:41
person,2025-01-07 10:34:41
person,2025-01-07 10:34:41
person,2025-01-07 10:34:41
person,2025-01-07 10:34:41
person,2025-01-07 10:34:41
person,2025-01-07 10:34:41
person,2025-01-07 10:34:41
person,2025-01-07 10:34:41
person,2025-01-07 10:34:41
person,2025-01-07 10:34:41
person,2025-01-07 10:34:41
person,2025-01-07 10:34:41
person,2025-01-07 10:34:41
person,2025-01-07 10:34:41
person,2025-01-07 10:34:41
person,2025-01-07 10:34:41
person,2025-01-07 10:34:41
person,2025-01-07 10:34:41
person,2025-01-07 10:34:41
person,2025-01-07 10:34:41
person,2025-01-07 10:34:41
person,2025-01-07 10:34:41
person,2025-01-07 10:34:41
person,2025-01-07 10:34:41
person,2025-01-07 10:34:41
person,2025-01-07 10:34:41
person,2025-01-07 10:34:41
person,2025-01-07 10:34:41
person,2025-01-07 10:34:41
person,2025-01-07 10:34:41
person,2025-01-07 10:34:41
person,2025-01-07 10:34:41
person,2025-01-07 10:34:41
person,2025-01-07 10:34:41
person,2025-01-07 10:34:41
person,2025-01-07 10:34:42
person,2025-01-07 10:34:42
person,2025-01-07 10:34:42
person,2025-01-07 10:34:42
person,2025-01-07 10:34:42
person,2025-01-07 10:34:42
person,2025-01-07 10:34:42
person,2025-01-07 10:34:42
person,2025-01-07 10:34:42
person,2025-01-07 10:34:42
person,2025-01-07 10:34:42
person,2025-01-07 10:34:42
person,2025-01-07 10:34:42
person,2025-01-07 10:34:42
person,2025-01-07 10:34:42
person,2025-01-07 10:34:42
person,2025-01-07 10:34:42
person,2025-01-07 10:34:42
person,2025-01-07 10:34:42
person,2025-01-07 10:34:42
person,2025-01-07 10:34:42
person,2025-01-07 10:34:42
person,2025-01-07 10:34:42
person,2025-01-07 10:34:42
person,2025-01-07 10:34:42
person,2025-01-07 10:34:42
person,2025-01-07 10:34:42
person,2025-01-07 10:34:42
person,2025-01-07 10:34:42
person,2025-01-07 10:34:42
person,2025-01-07 10:34:42
person,2025-01-07 10:34:42
person,2025-01-07 10:34:42
person,2025-01-07 10:34:42
person,2025-01-07 10:34:42
person,2025-01-07 10:34:42
person,2025-01-07 10:34:42
person,2025-01-07 10:34:42
person,2025-01-07 10:34:42
person,2025-01-07 10:34:42
person,2025-01-07 10:34:42
person,2025-01-07 10:34:42
person,2025-01-07 10:34:43
person,2025-01-07 10:34:43
person,2025-01-07 10:34:43
person,2025-01-07 10:34:43
person,2025-01-07 10:34:43
person,2025-01-07 10:34:43
person,2025-01-07 10:34:43
person,2025-01-07 10:34:43
person,2025-01-07 10:34:43
person,2025-01-07 10:34:43
person,2025-01-07 10:34:43
person,2025-01-07 10:34:43
person,2025-01-07 10:34:43
person,2025-01-07 10:34:43
person,2025-01-07 10:34:43
person,2025-01-07 10:34:43
person,2025-01-07 10:34:43
person,2025-01-07 10:34:43
person,2025-01-07 10:34:43
person,2025-01-07 10:34:43
person,2025-01-07 10:34:43
person,2025-01-07 10:34:43
person,2025-01-07 10:34:43
person,2025-01-07 10:34:43
person,2025-01-07 10:34:43
person,2025-01-07 10:34:43
person,2025-01-07 10:34:43
person,2025-01-07 10:34:43
person,2025-01-07 10:34:43
person,2025-01-07 10:34:43
person,2025-01-07 10:34:43
person,2025-01-07 10:34:43
person,2025-01-07 10:34:43
person,2025-01-07 10:34:43
person,2025-01-07 10:34:43
person,2025-01-07 10:34:43
person,2025-01-07 10:34:43
person,2025-01-07 10:34:43
person,2025-01-07 10:34:43
person,2025-01-07 10:34:43
person,2025-01-07 10:34:43
person,2025-01-07 10:34:43
person,2025-01-07 10:34:43
person,2025-01-07 10:34:43
person,2025-01-07 10:34:43
person,2025-01-07 10:34:44
person,2025-01-07 10:34:44
person,2025-01-07 10:34:44
person,2025-01-07 10:34:44
person,2025-01-07 10:34:44
person,2025-01-07 10:34:44
person,2025-01-07 10:34:44
person,2025-01-07 10:34:44
person,2025-01-07 10:34:44
person,2025-01-07 10:34:44
person,2025-01-07 10:34:44
person,2025-01-07 10:34:44
person,2025-01-07 10:34:44
person,2025-01-07 10:34:44
person,2025-01-07 10:34:44
person,2025-01-07 10:34:44
person,2025-01-07 10:34:44
person,2025-01-07 10:34:44
person,2025-01-07 10:34:44
person,2025-01-07 10:34:44
person,2025-01-07 10:34:44
person,2025-01-07 10:34:44
person,2025-01-07 10:34:44
person,2025-01-07 10:34:44
person,2025-01-07 10:34:44
person,2025-01-07 10:34:44
person,2025-01-07 10:34:44
person,2025-01-07 10:34:44
person,2025-01-07 10:34:44
person,2025-01-07 10:34:44
person,2025-01-07 10:34:44
person,2025-01-07 10:34:44
person,2025-01-07 10:34:44
person,2025-01-07 10:34:44
person,2025-01-07 10:34:44
person,2025-01-07 10:34:44
person,2025-01-07 10:34:44
person,2025-01-07 10:34:44
person,2025-01-07 10:34:44
person,2025-01-07 10:34:44
person,2025-01-07 10:34:44
person,2025-01-07 10:34:44
person,2025-01-07 10:34:44
person,2025-01-07 10:34:44
person,2025-01-07 10:34:45
person,2025-01-07 10:34:45
person,2025-01-07 10:34:45
person,2025-01-07 10:34:45
person,2025-01-07 10:34:45
person,2025-01-07 10:34:45
person,2025-01-07 10:34:45
person,2025-01-07 10:34:45
person,2025-01-07 10:34:45
person,2025-01-07 10:34:45
person,2025-01-07 10:34:45
person,2025-01-07 10:34:45
person,2025-01-07 10:34:45
person,2025-01-07 10:34:45
person,2025-01-07 10:34:45
person,2025-01-07 10:34:45
person,2025-01-07 10:34:45
person,2025-01-07 10:34:45
person,2025-01-07 10:34:45
person,2025-01-07 10:34:45
person,2025-01-07 10:34:45
person,2025-01-07 10:34:45
person,2025-01-07 10:34:45
person,2025-01-07 10:34:45
person,2025-01-07 10:34:45
person,2025-01-07 10:34:45
person,2025-01-07 10:34:45
person,2025-01-07 10:34:45
person,2025-01-07 10:34:45
person,2025-01-07 10:34:45
person,2025-01-07 10:34:45
person,2025-01-07 10:34:45
person,2025-01-07 10:34:45
person,2025-01-07 10:34:45
person,2025-01-07 10:34:45
person,2025-01-07 10:34:45
person,2025-01-07 10:34:45
person,2025-01-07 10:34:45
person,2025-01-07 10:34:45
person,2025-01-07 10:34:45
person,2025-01-07 10:34:45
person,2025-01-07 10:34:45
person,2025-01-07 10:34:45
person,2025-01-07 10:34:45
person,2025-01-07 10:34:45
person,2025-01-07 10:34:45
person,2025-01-07 10:34:45
person,2025-01-07 10:34:45
person,2025-01-07 10:34:46
person,2025-01-07 10:34:46
person,2025-01-07 10:34:46
person,2025-01-07 10:34:46
person,2025-01-07 10:34:46
person,2025-01-07 10:34:46
person,2025-01-07 10:34:46
person,2025-01-07 10:34:46
person,2025-01-07 10:34:46
person,2025-01-07 10:34:46
person,2025-01-07 10:34:46
person,2025-01-07 10:34:46
person,2025-01-07 10:34:46
person,2025-01-07 10:34:46
person,2025-01-07 10:34:46
person,2025-01-07 10:34:46
person,2025-01-07 10:34:46
person,2025-01-07 10:34:46
person,2025-01-07 10:34:46
person,2025-01-07 10:34:46
person,2025-01-07 10:34:46
person,2025-01-07 10:34:46
person,2025-01-07 10:34:46
person,2025-01-07 10:34:46
person,2025-01-07 10:34:46
person,2025-01-07 10:34:46
person,2025-01-07 10:34:46
person,2025-01-07 10:34:46
person,2025-01-07 10:34:46
person,2025-01-07 10:34:46
person,2025-01-07 10:34:46
person,2025-01-07 10:34:46
person,2025-01-07 10:34:46
person,2025-01-07 10:34:46
person,2025-01-07 10:34:46
person,2025-01-07 10:34:46
person,2025-01-07 10:34:46
person,2025-01-07 10:34:46
person,2025-01-07 10:34:46
person,2025-01-07 10:34:46
person,2025-01-07 10:34:46
person,2025-01-07 10:34:46
person,2025-01-07 10:34:47
person,2025-01-07 10:34:47
person,2025-01-07 10:34:47
person,2025-01-07 10:34:47
person,2025-01-07 10:34:47
person,2025-01-07 10:34:47
person,2025-01-07 10:34:47
person,2025-01-07 10:34:47
person,2025-01-07 10:34:47
person,2025-01-07 10:34:47
person,2025-01-07 10:34:47
person,2025-01-07 10:34:47
person,2025-01-07 10:34:47
person,2025-01-07 10:34:47
person,2025-01-07 10:34:47
person,2025-01-07 10:34:47
person,2025-01-07 10:34:47
person,2025-01-07 10:34:47
person,2025-01-07 10:34:47
person,2025-01-07 10:34:47
person,2025-01-07 10:34:47
person,2025-01-07 10:34:47
person,2025-01-07 10:34:47
person,2025-01-07 10:34:47
